{
  "main": {
    "id": "0c22f9b3a3c123c9",
    "type": "split",
    "children": [
      {
        "id": "eb939f8233e39b1c",
        "type": "tabs",
        "children": [
          {
            "id": "f8cb8d1f5ced492e",
            "type": "leaf",
            "state": {
              "type": "markdown",
              "state": {
                "file": "Chapter 2/2.5 Certificate.md",
                "mode": "preview",
                "source": false
              },
              "icon": "lucide-file",
              "title": "2.5 Certificate"
            }
          },
          {
            "id": "df44f7a14adb9111",
            "type": "leaf",
            "state": {
              "type": "markdown",
              "state": {
                "file": "Chapter 1/Introduction.md",
                "mode": "preview",
                "source": false
              },
              "icon": "lucide-file",
              "title": "Introduction"
            }
          },
          {
            "id": "4f843c08246595b1",
            "type": "leaf",
            "state": {
              "type": "markdown",
              "state": {
                "file": "Quiz/Q2.md",
                "mode": "source",
                "source": false
              },
              "icon": "lucide-file",
              "title": "Q2"
            }
          }
        ],
        "currentTab": 1
      }
    ],
    "direction": "vertical"
  },
  "left": {
    "id": "da243e10d51c8633",
    "type": "split",
    "children": [
      {
        "id": "dfbb0bf2937badba",
        "type": "tabs",
        "children": [
          {
            "id": "f46c367fb1cb7371",
            "type": "leaf",
            "state": {
              "type": "file-explorer",
              "state": {
                "sortOrder": "alphabetical",
                "autoReveal": false
              },
              "icon": "lucide-folder-closed",
              "title": "Files"
            }
          },
          {
            "id": "a4c86c7f10346ac8",
            "type": "leaf",
            "state": {
              "type": "search",
              "state": {
                "query": "",
                "matchingCase": false,
                "explainSearch": false,
                "collapseAll": false,
                "extraContext": false,
                "sortOrder": "alphabetical"
              },
              "icon": "lucide-search",
              "title": "Search"
            }
          },
          {
            "id": "745608bef4726763",
            "type": "leaf",
            "state": {
              "type": "bookmarks",
              "state": {},
              "icon": "lucide-bookmark",
              "title": "Bookmarks"
            }
          },
          {
            "id": "f7dffed64dd3073a",
            "type": "leaf",
            "state": {
              "type": "rag-test-view",
              "state": {},
              "icon": "lucide-file",
              "title": "Plugin no longer active"
            }
          }
        ]
      }
    ],
    "direction": "horizontal",
    "width": 275.5004348754883
  },
  "right": {
    "id": "98630170dbbee4e1",
    "type": "split",
    "children": [
      {
        "id": "f31188ead1174008",
        "type": "tabs",
        "children": [
          {
            "id": "8d3d5dd32669ee09",
            "type": "leaf",
            "state": {
              "type": "backlink",
              "state": {
                "file": "New/4 - The Scope of IT Security.md",
                "collapseAll": false,
                "extraContext": false,
                "sortOrder": "alphabetical",
                "showSearch": false,
                "searchQuery": "",
                "backlinkCollapsed": false,
                "unlinkedCollapsed": true
              },
              "icon": "links-coming-in",
              "title": "Backlinks for 4 - The Scope of IT Security"
            }
          },
          {
            "id": "f86d1411ce793671",
            "type": "leaf",
            "state": {
              "type": "outgoing-link",
              "state": {
                "file": "New/4 - The Scope of IT Security.md",
                "linksCollapsed": false,
                "unlinkedCollapsed": true
              },
              "icon": "links-going-out",
              "title": "Outgoing links from 4 - The Scope of IT Security"
            }
          },
          {
            "id": "ecae946124a2bb63",
            "type": "leaf",
            "state": {
              "type": "tag",
              "state": {
                "sortOrder": "frequency",
                "useHierarchy": true,
                "showSearch": false,
                "searchQuery": ""
              },
              "icon": "lucide-tags",
              "title": "Tags"
            }
          },
          {
            "id": "33f32b0c0b079380",
            "type": "leaf",
            "state": {
              "type": "outline",
              "state": {
                "file": "New/4 - The Scope of IT Security.md",
                "followCursor": false,
                "showSearch": false,
                "searchQuery": ""
              },
              "icon": "lucide-list",
              "title": "Outline of 4 - The Scope of IT Security"
            }
          }
        ]
      }
    ],
    "direction": "horizontal",
    "width": 300,
    "collapsed": true
  },
  "left-ribbon": {
    "hiddenItems": {
      "quiz-generator:Open generator": false,
      "switcher:Open quick switcher": true,
      "graph:Open graph view": false,
      "canvas:Create new canvas": false,
      "daily-notes:Open today's daily note": true,
      "templates:Insert template": true,
      "command-palette:Open command palette": true
    }
  },
  "active": "df44f7a14adb9111",
  "lastOpenFiles": [
    "Chapter 3/1 - SQL.md",
    "Chapter 2/2.3 Symmetric.md",
    "Chapter 2/2.1 Kasiski.md",
    "Chapter 2/2.0 Cryptography.md",
    "Chapter 1/Introduction.md",
    "Quiz/Q4.md",
    "Chapter 2/2.5 Certificate.md",
    "Chapter 2/2.4 Asymmetric.md",
    "Chapter 3/3 - XSS.md",
    "Chapter 3/2 - ARP Spoofing.md",
    "Chapter 3/0 - Threats and Attacks.md",
    "Quiz/Q1.md",
    "Chapter 2/2.6 PGP.md",
    "Chapter 2/2.7 Email.md",
    "Chapter 2/2.8 N group of people.md",
    "Chapter 2/Untitled.md",
    "Quiz/Possible Questions.md",
    "Quiz/Possible Questions.pdf",
    "Quiz/Q5.md",
    "Quiz/Q3.md",
    "Quiz/Q2.md",
    "Quiz/Q15.md",
    "Quiz/Q10.md",
    "Quiz/Q14.md",
    "Quiz/Q13.md",
    "Quiz/Q12.md",
    "Quiz/Q11.md",
    "Picture/Screenshot From 2025-04-29 07-05-04.png",
    "Untitled",
    "Picture/Pasted image 20250429073355.png",
    "Picture/Pasted image 20250429073348.png",
    "Chapter 3/Untitled",
    "Picture",
    "Quiz/Chapter 2",
    "Quiz/Chapter 1",
    "Chapter 1/Overview",
    "Quiz/Chapter 3",
    "Chapter 3/output.pdf",
    "Chapter 2/Crypto 1 -.canvas",
    "images/Pasted image 20250415201730.png",
    "images/image - 2.png",
    "images/image - 1.png",
    "images/Pasted image 20250415202245.png",
    "Chapter 3",
    "img 1.png",
    "TDs/Autres Univs/Univ Msila/TD/Psudo-Code chiffrement.png",
    "TDs/Autres Univs/Univ Alger 1/Exercices faites en cours avec Mr Rahmani/1.jpg"
  ]
}