{
  "collapse-filter": false,
  "search": "",
  "showTags": true,
  "showAttachments": false,
  "hideUnresolved": false,
  "showOrphans": true,
  "collapse-color-groups": false,
  "colorGroups": [],
  "collapse-display": false,
  "showArrow": false,
  "textFadeMultiplier": -1.5,
  "nodeSizeMultiplier": 1,
  "lineSizeMultiplier": 3.31472676752084,
  "collapse-forces": false,
  "centerStrength": 0.719357826489657,
  "repelStrength": 13.4387156529793,
  "linkStrength": 0.810250077184316,
  "linkDistance": 30,
  "scale": 0.4846422575997294,
  "close": true
}