{
  "main": {
    "id": "3408fc54bb49b7a3",
    "type": "split",
    "children": [
      {
        "id": "e0e6b674fef2e037",
        "type": "tabs",
        "children": [
          {
            "id": "573ba9f60c1dfafe",
            "type": "leaf",
            "state": {
              "type": "graph",
              "state": {},
              "icon": "lucide-git-fork",
              "title": "Graph view"
            }
          }
        ]
      }
    ],
    "direction": "vertical"
  },
  "left": {
    "id": "e27e633817fd0334",
    "type": "split",
    "children": [
      {
        "id": "3abd79965d4b9566",
        "type": "tabs",
        "children": [
          {
            "id": "c145f3c9cdad833b",
            "type": "leaf",
            "state": {
              "type": "file-explorer",
              "state": {
                "sortOrder": "alphabetical",
                "autoReveal": false
              },
              "icon": "lucide-folder-closed",
              "title": "Files"
            }
          },
          {
            "id": "8311f4c58b3b3732",
            "type": "leaf",
            "state": {
              "type": "search",
              "state": {
                "query": "",
                "matchingCase": false,
                "explainSearch": false,
                "collapseAll": false,
                "extraContext": false,
                "sortOrder": "alphabetical"
              },
              "icon": "lucide-search",
              "title": "Search"
            }
          },
          {
            "id": "869a0d122b16e9a8",
            "type": "leaf",
            "state": {
              "type": "bookmarks",
              "state": {},
              "icon": "lucide-bookmark",
              "title": "Bookmarks"
            }
          },
          {
            "id": "615ccb8043723a93",
            "type": "leaf",
            "state": {
              "type": "rag-test-view",
              "state": {},
              "icon": "lucide-file",
              "title": "Plugin no longer active"
            }
          }
        ]
      }
    ],
    "direction": "horizontal",
    "width": 316.5004348754883
  },
  "right": {
    "id": "dbf8546038f8a24c",
    "type": "split",
    "children": [
      {
        "id": "d6a7d55d1b78523e",
        "type": "tabs",
        "children": [
          {
            "id": "d7f3b0436a2b2753",
            "type": "leaf",
            "state": {
              "type": "backlink",
              "state": {
                "file": "Semi-Structured Data and XML.md",
                "collapseAll": false,
                "extraContext": false,
                "sortOrder": "alphabetical",
                "showSearch": false,
                "searchQuery": "",
                "backlinkCollapsed": false,
                "unlinkedCollapsed": true
              },
              "icon": "links-coming-in",
              "title": "Backlinks for Semi-Structured Data and XML"
            }
          },
          {
            "id": "4e157ee67e24002d",
            "type": "leaf",
            "state": {
              "type": "outgoing-link",
              "state": {
                "file": "Semi-Structured Data and XML.md",
                "linksCollapsed": false,
                "unlinkedCollapsed": true
              },
              "icon": "links-going-out",
              "title": "Outgoing links from Semi-Structured Data and XML"
            }
          },
          {
            "id": "9a16bc2662ffb285",
            "type": "leaf",
            "state": {
              "type": "tag",
              "state": {
                "sortOrder": "frequency",
                "useHierarchy": true
              },
              "icon": "lucide-tags",
              "title": "Tags"
            }
          },
          {
            "id": "cc52cef1ef93a18b",
            "type": "leaf",
            "state": {
              "type": "outline",
              "state": {
                "file": "3. XPath Querying XML Documents/1. Chapter 3 XPath.md",
                "followCursor": false,
                "showSearch": false,
                "searchQuery": ""
              },
              "icon": "lucide-list",
              "title": "Outline of 1. Chapter 3 XPath"
            }
          },
          {
            "id": "4161504b0f45b740",
            "type": "leaf",
            "state": {
              "type": "git-view",
              "state": {},
              "icon": "git-pull-request",
              "title": "Source Control"
            }
          }
        ],
        "currentTab": 4
      }
    ],
    "direction": "horizontal",
    "width": 300
  },
  "left-ribbon": {
    "hiddenItems": {
      "switcher:Open quick switcher": true,
      "graph:Open graph view": false,
      "canvas:Create new canvas": true,
      "daily-notes:Open today's daily note": true,
      "templates:Insert template": true,
      "command-palette:Open command palette": true,
      "audio-recorder:Start/stop recording": false,
      "quiz-generator:Open generator": false,
      "obsidian-git:Open Git source control": false
    }
  },
  "active": "573ba9f60c1dfafe",
  "lastOpenFiles": [
    "2. XML Structure and Validation/XML Schema (Schéma XML).md",
    "4. XSLT Transforming XML Documents/XSLT.md",
    "3. XPath Querying XML Documents/2. XPath Syntax.md",
    "3. XPath Querying XML Documents/1. Chapter 3 XPath.md",
    "5. XML Parsing in Python/DOM SAX.md",
    "2. XML Structure and Validation/Quiz/C2 - TF.md",
    "Quiz/Gemini 30.md",
    "Quiz/Gemini 8.md",
    "Quiz/Summery.md",
    "1. Introduction to Semi-Structured Data/Chapter 1 XML DTD and Namespaces.md",
    "Untitled.md",
    "1. Introduction to Semi-Structured Data/Quiz/XSD Namespace Quiz 3.md",
    "1. Introduction to Semi-Structured Data/Quiz/XSD Namespace Quiz 2.md",
    "2. XML Structure and Validation/Quiz/C2 - Multi.md",
    "2. XML Structure and Validation/Quiz/C2 - Match.md",
    "2. XML Structure and Validation/Quiz/C2 - Apply.md",
    "1. Introduction to Semi-Structured Data/Quiz/XSD Namespace Quiz 1.md",
    "1. Introduction to Semi-Structured Data/Quiz/C1 - Match.md",
    "1. Introduction to Semi-Structured Data/Quiz/C1 - Multi.md",
    "1. Introduction to Semi-Structured Data/Quiz/C1 - TF.md",
    "Possible Questions/2000.md",
    "1. Introduction to Semi-Structured Data/Quiz/1. Namespace Quiz.md",
    "1. Introduction to Semi-Structured Data/1. Sub/1. DTD_Examples.md",
    "1. Introduction to Semi-Structured Data/1. Sub/1. Le Prologue XML Declaration.md",
    "1. Introduction to Semi-Structured Data/1. Sub/1. XML Tech.md",
    "1. Introduction to Semi-Structured Data/1. Sub/1. Predefined Attributes.md",
    "Possible Questions",
    "2. XML Structure and Validation/Quiz",
    "1. Introduction to Semi-Structured Data/Quiz",
    "1. Introduction to Semi-Structured Data/2. DTD",
    "1. Introduction to Semi-Structured Data/1. Sub/Untitled",
    "1. Introduction to Semi-Structured Data/1. Sub",
    "Quiz",
    "6.",
    "5. XML Parsing in Python",
    "4. XSLT Transforming XML Documents",
    "Untitled.canvas",
    "Picture/2.png",
    "Picture/1.png"
  ]
}