{
  "main": {
    "id": "91e6135ace6776d9",
    "type": "split",
    "children": [
      {
        "id": "58f1d7737feb2046",
        "type": "tabs",
        "children": [
          {
            "id": "775e7118689081bf",
            "type": "leaf",
            "state": {
              "type": "empty",
              "state": {},
              "icon": "lucide-file",
              "title": "New tab"
            }
          }
        ]
      }
    ],
    "direction": "vertical"
  },
  "left": {
    "id": "785c320ebd8346b6",
    "type": "split",
    "children": [
      {
        "id": "2c314fc7eecf0a0f",
        "type": "tabs",
        "children": [
          {
            "id": "31ed9cb6e472212e",
            "type": "leaf",
            "state": {
              "type": "file-explorer",
              "state": {
                "sortOrder": "alphabetical",
                "autoReveal": false
              },
              "icon": "lucide-folder-closed",
              "title": "Files"
            }
          },
          {
            "id": "fd751c2eba6da6c1",
            "type": "leaf",
            "state": {
              "type": "search",
              "state": {
                "query": "",
                "matchingCase": false,
                "explainSearch": false,
                "collapseAll": false,
                "extraContext": false,
                "sortOrder": "alphabetical"
              },
              "icon": "lucide-search",
              "title": "Search"
            }
          },
          {
            "id": "6ac6fdfd5fd1d3ca",
            "type": "leaf",
            "state": {
              "type": "bookmarks",
              "state": {},
              "icon": "lucide-bookmark",
              "title": "Bookmarks"
            }
          }
        ]
      }
    ],
    "direction": "horizontal",
    "width": 306.5086555480957
  },
  "right": {
    "id": "c68e6e4ae9a8afbc",
    "type": "split",
    "children": [
      {
        "id": "91e4d0a884d04184",
        "type": "tabs",
        "children": [
          {
            "id": "ea3d4bc2a4e5f9c8",
            "type": "leaf",
            "state": {
              "type": "backlink",
              "state": {
                "file": "Level 4 - Neural Network/Untitled.md",
                "collapseAll": false,
                "extraContext": false,
                "sortOrder": "alphabetical",
                "showSearch": false,
                "searchQuery": "",
                "backlinkCollapsed": false,
                "unlinkedCollapsed": true
              },
              "icon": "links-coming-in",
              "title": "Backlinks for Untitled"
            }
          },
          {
            "id": "ed947eba62c2863e",
            "type": "leaf",
            "state": {
              "type": "outgoing-link",
              "state": {
                "file": "Level 4 - Neural Network/Untitled.md",
                "linksCollapsed": false,
                "unlinkedCollapsed": true
              },
              "icon": "links-going-out",
              "title": "Outgoing links from Untitled"
            }
          },
          {
            "id": "f1ab32e9bd086a15",
            "type": "leaf",
            "state": {
              "type": "tag",
              "state": {
                "sortOrder": "frequency",
                "useHierarchy": true
              },
              "icon": "lucide-tags",
              "title": "Tags"
            }
          },
          {
            "id": "3b8496528f72056c",
            "type": "leaf",
            "state": {
              "type": "outline",
              "state": {
                "file": "Level 1 - Introduction/ISA and AKO.md"
              },
              "icon": "lucide-list",
              "title": "Outline of ISA and AKO"
            }
          }
        ]
      }
    ],
    "direction": "horizontal",
    "width": 300,
    "collapsed": true
  },
  "left-ribbon": {
    "hiddenItems": {
      "switcher:Open quick switcher": false,
      "graph:Open graph view": false,
      "canvas:Create new canvas": false,
      "daily-notes:Open today's daily note": false,
      "templates:Insert template": false,
      "command-palette:Open command palette": false,
      "quiz-generator:Open generator": false
    }
  },
  "active": "31ed9cb6e472212e",
  "lastOpenFiles": [
    "Level 2 - Knowledge Representation/0 - Production rules.md",
    "Level 2 - Knowledge Representation/1 - Propositional and Predicate Logic.md",
    "Level 3 - Decision Trees/2 - Information Gain.md",
    "Level 3 - Decision Trees/1 - PlayTennis Example.md",
    "Level 3 - Decision Trees/0.1 - Edge cases for Entropy H(S).md",
    "Level 3 - Decision Trees/0 - Entropy.md",
    "Level 0 - Learn R/TP 1.1 what.md",
    "Level 0 - Learn R/TP 6.md",
    "Level 0 - Learn R/TP 3.1 apply family.md",
    "Level 0 - Learn R/TP 3.1.md",
    "Level 2 - Knowledge Representation/2 - Other examples.md",
    "Level 5 - Fuzzy Logic/1 - Historical Context.md",
    "Level 4 - Neural Network/Neural Network.md",
    "Level 0 - Learn R/TP 4.md",
    "Level 0 - Learn R/TP 3.md",
    "Level 0 - Learn R/TP 5.1 Chaining.md",
    "Level 0 - Learn R/TP 2.md",
    "Level 0 - Learn R/TP 5.md",
    "Level 0 - Learn R/TP 1.2 the bracket.md",
    "Level 0 - Learn R/TP 1.1.md",
    "Level 0 - Learn R/TP 1.md",
    "Level 5 - Fuzzy Logic/4.2 - Inference Engine.md",
    "Level 5 - Fuzzy Logic/4.1 - membership functions.md",
    "Level 5 - Fuzzy Logic/4 - Fuzzy Inference System (FIS) Architecture.md",
    "Level 5 - Fuzzy Logic/3 - Fuzzy Logic Operations and Fuzzy Rules.md",
    "Level 5 - Fuzzy Logic/2 - Fuzzy Set Concepts.md",
    "Level 6 - Genetic Algorithms",
    "Pictures",
    "Pictures/Pasted image 20250425215942.png",
    "Pictures/Pasted image 20250425215921.png",
    "Possible Questions",
    "Level 5 - Fuzzy Logic",
    "Level 0 - Learn R/index.html",
    "Level 4 - Neural Network",
    "Level 3 - Decision Trees",
    "Level 2 - Knowledge Representation"
  ]
}