{
  "main": {
    "id": "d6cf4fef2d4527d8",
    "type": "split",
    "children": [
      {
        "id": "d50527a0243a8901",
        "type": "tabs",
        "children": [
          {
            "id": "d71ede1da1bb113a",
            "type": "leaf",
            "state": {
              "type": "markdown",
              "state": {
                "file": "2025-05-10.md",
                "mode": "source",
                "source": false
              },
              "icon": "lucide-file",
              "title": "2025-05-10"
            }
          }
        ]
      }
    ],
    "direction": "vertical"
  },
  "left": {
    "id": "dfc4e0d2973892c8",
    "type": "split",
    "children": [
      {
        "id": "56c490e02c97a8c7",
        "type": "tabs",
        "children": [
          {
            "id": "1eb7bf278c02dbf5",
            "type": "leaf",
            "state": {
              "type": "file-explorer",
              "state": {
                "sortOrder": "alphabetical",
                "autoReveal": false
              },
              "icon": "lucide-folder-closed",
              "title": "Files"
            }
          },
          {
            "id": "3011cbff3b386da5",
            "type": "leaf",
            "state": {
              "type": "search",
              "state": {
                "query": "princ",
                "matchingCase": false,
                "explainSearch": false,
                "collapseAll": false,
                "extraContext": false,
                "sortOrder": "alphabetical"
              },
              "icon": "lucide-search",
              "title": "Search"
            }
          },
          {
            "id": "683dc8403a1b30e9",
            "type": "leaf",
            "state": {
              "type": "bookmarks",
              "state": {},
              "icon": "lucide-bookmark",
              "title": "Bookmarks"
            }
          }
        ]
      }
    ],
    "direction": "horizontal",
    "width": 300
  },
  "right": {
    "id": "d8af8e3575ded3da",
    "type": "split",
    "children": [
      {
        "id": "f58b2879c5ea1721",
        "type": "tabs",
        "children": [
          {
            "id": "4dbf3223e7f0eccc",
            "type": "leaf",
            "state": {
              "type": "backlink",
              "state": {
                "file": "1. UMBB.md",
                "collapseAll": false,
                "extraContext": false,
                "sortOrder": "alphabetical",
                "showSearch": false,
                "searchQuery": "",
                "backlinkCollapsed": false,
                "unlinkedCollapsed": true
              },
              "icon": "links-coming-in",
              "title": "Backlinks for 1. UMBB"
            }
          },
          {
            "id": "8c1074935c047cfd",
            "type": "leaf",
            "state": {
              "type": "outgoing-link",
              "state": {
                "file": "1. UMBB.md",
                "linksCollapsed": false,
                "unlinkedCollapsed": true
              },
              "icon": "links-going-out",
              "title": "Outgoing links from 1. UMBB"
            }
          },
          {
            "id": "a437efe39f492bcb",
            "type": "leaf",
            "state": {
              "type": "tag",
              "state": {
                "sortOrder": "frequency",
                "useHierarchy": true,
                "showSearch": false,
                "searchQuery": ""
              },
              "icon": "lucide-tags",
              "title": "Tags"
            }
          },
          {
            "id": "0e889ce7563ff98d",
            "type": "leaf",
            "state": {
              "type": "outline",
              "state": {
                "file": "1. UMBB.md",
                "followCursor": false,
                "showSearch": false,
                "searchQuery": ""
              },
              "icon": "lucide-list",
              "title": "Outline of 1. UMBB"
            }
          }
        ]
      }
    ],
    "direction": "horizontal",
    "width": 300,
    "collapsed": true
  },
  "left-ribbon": {
    "hiddenItems": {
      "quiz-generator:Open generator": false,
      "switcher:Open quick switcher": false,
      "graph:Open graph view": false,
      "canvas:Create new canvas": false,
      "daily-notes:Open today's daily note": false,
      "templates:Insert template": false,
      "command-palette:Open command palette": false
    }
  },
  "active": "d71ede1da1bb113a",
  "lastOpenFiles": [
    "1. UMBB.md",
    "2025-05-10.md",
    "Quiz/Q16.md",
    "Quiz/Q6.md",
    "Quiz/Q1.md",
    "2. Summery.md",
    "Quiz/Q17.md",
    "Quiz/Q15.md",
    "Quiz/Q14.md",
    "Quiz/Q13.md",
    "Quiz/Q12.md",
    "Quiz/Q11.md",
    "Quiz/Q10.md",
    "Quiz/Q9.md",
    "Quiz/Q5.md",
    "Quiz/Q8.md",
    "Quiz/Q7.md",
    "Quiz/Q4.md",
    "Quiz/Q2.md",
    "Quiz/Q3.md",
    "Concepts/Prototype.md",
    "Picture/1.png",
    "Concepts/Business Model.md",
    "Concepts",
    "Notes de Cours FR.md",
    "Quiz",
    "Entrepreneurial Profile and Motivations.md"
  ]
}