{
  "main": {
    "id": "90dad91f2ca8323a",
    "type": "split",
    "children": [
      {
        "id": "890bd5b5dd221622",
        "type": "tabs",
        "children": [
          {
            "id": "05d322eae643a0e6",
            "type": "leaf",
            "state": {
              "type": "markdown",
              "state": {
                "file": "Swing/4. Font.md",
                "mode": "preview",
                "source": false
              },
              "icon": "lucide-file",
              "title": "4. Font"
            }
          },
          {
            "id": "8cf7c9db75596aba",
            "type": "leaf",
            "state": {
              "type": "graph",
              "state": {},
              "icon": "lucide-git-fork",
              "title": "Graph view"
            }
          }
        ],
        "currentTab": 1
      }
    ],
    "direction": "vertical"
  },
  "left": {
    "id": "9e0e6514767d20b0",
    "type": "split",
    "children": [
      {
        "id": "95f0cb85f83a482e",
        "type": "tabs",
        "children": [
          {
            "id": "846cd3079c10807a",
            "type": "leaf",
            "state": {
              "type": "file-explorer",
              "state": {
                "sortOrder": "alphabetical"
              },
              "icon": "lucide-folder-closed",
              "title": "Files"
            }
          },
          {
            "id": "7ae2148314ed7972",
            "type": "leaf",
            "state": {
              "type": "search",
              "state": {
                "query": "GOM",
                "matchingCase": false,
                "explainSearch": false,
                "collapseAll": false,
                "extraContext": false,
                "sortOrder": "alphabetical"
              },
              "icon": "lucide-search",
              "title": "Search"
            }
          },
          {
            "id": "7966def9e5e29d7a",
            "type": "leaf",
            "state": {
              "type": "bookmarks",
              "state": {},
              "icon": "lucide-bookmark",
              "title": "Bookmarks"
            }
          }
        ],
        "currentTab": 1
      }
    ],
    "direction": "horizontal",
    "width": 375.5004348754883
  },
  "right": {
    "id": "a248337080dd4059",
    "type": "split",
    "children": [
      {
        "id": "0019492c20cc20c8",
        "type": "tabs",
        "children": [
          {
            "id": "532b22bf255b54de",
            "type": "leaf",
            "state": {
              "type": "backlink",
              "state": {
                "file": "Cours/Chapter 2 Conception des IHM/Chapter 2 Conception des IHM.md",
                "collapseAll": false,
                "extraContext": false,
                "sortOrder": "alphabetical",
                "showSearch": false,
                "searchQuery": "",
                "backlinkCollapsed": false,
                "unlinkedCollapsed": true
              },
              "icon": "links-coming-in",
              "title": "Backlinks for Chapter 2 Conception des IHM"
            }
          },
          {
            "id": "390a9f892ad60a80",
            "type": "leaf",
            "state": {
              "type": "outgoing-link",
              "state": {
                "file": "Cours/Chapter 2 Conception des IHM/Chapter 2 Conception des IHM.md",
                "linksCollapsed": false,
                "unlinkedCollapsed": true
              },
              "icon": "links-going-out",
              "title": "Outgoing links from Chapter 2 Conception des IHM"
            }
          },
          {
            "id": "24e43a28b4d9699e",
            "type": "leaf",
            "state": {
              "type": "tag",
              "state": {
                "sortOrder": "frequency",
                "useHierarchy": true
              },
              "icon": "lucide-tags",
              "title": "Tags"
            }
          },
          {
            "id": "3834af8676ab068f",
            "type": "leaf",
            "state": {
              "type": "outline",
              "state": {
                "file": "copilot-conversations/hi@20250120_021111.md"
              },
              "icon": "lucide-list",
              "title": "Outline of hi@20250120_021111"
            }
          },
          {
            "id": "b5736f03dcf6738e",
            "type": "leaf",
            "state": {
              "type": "copilot-chat-view",
              "state": {},
              "icon": "message-square",
              "title": "Copilot"
            }
          }
        ],
        "currentTab": 4
      }
    ],
    "direction": "horizontal",
    "width": 305.5,
    "collapsed": true
  },
  "left-ribbon": {
    "hiddenItems": {
      "switcher:Open quick switcher": false,
      "graph:Open graph view": false,
      "canvas:Create new canvas": false,
      "daily-notes:Open today's daily note": false,
      "templates:Insert template": false,
      "command-palette:Open command palette": false,
      "copilot:Open Copilot Chat": false
    }
  },
  "active": "7ae2148314ed7972",
  "lastOpenFiles": [
    "Cours/Chapter 4  Ergonomics/Chapter 4  Ergonomics.md",
    "Cours/Chapter 2 Conception des IHM/0 - IHM Design Methodology.md",
    "Cours/Chapter 2 Conception des IHM/1 - Methods of IHM Design.md",
    "Cours/Chapter 2 Conception des IHM/2 - Prototyping.md",
    "Cours/Chapter 2 Conception des IHM/3 - User-Centered Design.md",
    "Cours/Chapter 2 Conception des IHM/4 - Early Evaluation.md",
    "Cours/Chapter 2 Conception des IHM/5 - Information Gathering.md",
    "Cours/Chapter 3 Models Architecture/2 - Seeheim Model.md",
    "Cours/Chapter 3 Models Architecture/4 - PAC (Présentation Abstraction Contrôle) Model.md",
    "Cours/Chapter 3 Models Architecture/3 - MVC (Model-View-Controller) Pattern.md",
    "Swing/13. MouseListener and TextListener.md",
    "Swing/12. ActionListener in Java.md",
    "Swing/11. Event Handling in Java.md",
    "Swing/10. BorderLayout.md",
    "Swing/9. GridLayout.md",
    "Swing/8. FlowLayout.md",
    "Swing/7. Layouts Manager.md",
    "Swing/5. JComboBox.md",
    "Swing/6. JFields.md",
    "Swing/4.1 BorderFactory.md",
    "Swing/4. Font.md",
    "Swing/3. JButton, JCheckBox, and JRadioButton.md",
    "Swing/2. Labels.md",
    "Swing/1. Frames.md",
    "Cours/Chapter 3 Models Architecture/1 - Agents and Multi-Agent Systems (MAS).md",
    "Cours/Chapter 3 Models Architecture/0 - Dialogue.md",
    "copilot-conversations",
    "Project",
    "Cours/Chapter 4  Ergonomics",
    "Cours/Chapter 3 Models Architecture",
    "Swing/Untitled",
    "Picture/Pasted image 20240608013438.png",
    "Picture/Pasted image 20240608014245.png",
    "Picture/Pasted image 20240608014312.png",
    "Picture/Pasted image 20240608014419.png",
    "Picture/Pasted image 20240608014536.png",
    "Picture/Pasted image 20240608014739.png",
    "Picture/Pasted image 20240608014938.png",
    "Picture/Pasted image 20240608014953.png",
    "Picture/Pasted image 20240608015144.png",
    "Picture/Pasted image 20240608014519.png",
    "Cours/Chapter 2 Conception des IHM",
    "Cours/Chapter 1 Introduction",
    "Picture",
    "Swing",
    "Cours"
  ]
}