{
  "main": {
    "id": "85cb95d7e038369b",
    "type": "split",
    "children": [
      {
        "id": "a5edfa3ac86114d3",
        "type": "tabs",
        "children": [
          {
            "id": "0c052415d9f57b8f",
            "type": "leaf",
            "state": {
              "type": "markdown",
              "state": {
                "file": "Level - 0/0 -.md",
                "mode": "source",
                "source": false
              },
              "icon": "lucide-file",
              "title": "0 -"
            }
          },
          {
            "id": "1227d50f2b4dd8f0",
            "type": "leaf",
            "state": {
              "type": "markdown",
              "state": {
                "file": "Install.md",
                "mode": "source",
                "source": false
              },
              "icon": "lucide-file",
              "title": "Install"
            }
          }
        ],
        "currentTab": 1
      }
    ],
    "direction": "vertical"
  },
  "left": {
    "id": "2704efdcfd8e8161",
    "type": "split",
    "children": [
      {
        "id": "bb6f73c197537391",
        "type": "tabs",
        "children": [
          {
            "id": "7b84772e9dc6129d",
            "type": "leaf",
            "state": {
              "type": "file-explorer",
              "state": {
                "sortOrder": "alphabetical"
              },
              "icon": "lucide-folder-closed",
              "title": "Files"
            }
          },
          {
            "id": "024c3c664f42bbeb",
            "type": "leaf",
            "state": {
              "type": "search",
              "state": {
                "query": "",
                "matchingCase": false,
                "explainSearch": false,
                "collapseAll": false,
                "extraContext": false,
                "sortOrder": "alphabetical"
              },
              "icon": "lucide-search",
              "title": "Search"
            }
          },
          {
            "id": "58bd8c4ac7423d6c",
            "type": "leaf",
            "state": {
              "type": "bookmarks",
              "state": {},
              "icon": "lucide-bookmark",
              "title": "Bookmarks"
            }
          }
        ]
      }
    ],
    "direction": "horizontal",
    "width": 300
  },
  "right": {
    "id": "6a71a69896c46bdf",
    "type": "split",
    "children": [
      {
        "id": "23090699c7e18184",
        "type": "tabs",
        "children": [
          {
            "id": "a8aea156295681c1",
            "type": "leaf",
            "state": {
              "type": "backlink",
              "state": {
                "file": "Install.md",
                "collapseAll": false,
                "extraContext": false,
                "sortOrder": "alphabetical",
                "showSearch": false,
                "searchQuery": "",
                "backlinkCollapsed": false,
                "unlinkedCollapsed": true
              },
              "icon": "links-coming-in",
              "title": "Backlinks for Install"
            }
          },
          {
            "id": "17e5cfb72a5e0f1a",
            "type": "leaf",
            "state": {
              "type": "outgoing-link",
              "state": {
                "file": "Install.md",
                "linksCollapsed": false,
                "unlinkedCollapsed": true
              },
              "icon": "links-going-out",
              "title": "Outgoing links from Install"
            }
          },
          {
            "id": "1d5c913530b772e1",
            "type": "leaf",
            "state": {
              "type": "tag",
              "state": {
                "sortOrder": "frequency",
                "useHierarchy": true
              },
              "icon": "lucide-tags",
              "title": "Tags"
            }
          },
          {
            "id": "9b6fd90140e7f73d",
            "type": "leaf",
            "state": {
              "type": "outline",
              "state": {
                "file": "Install.md"
              },
              "icon": "lucide-list",
              "title": "Outline of Install"
            }
          }
        ]
      }
    ],
    "direction": "horizontal",
    "width": 300,
    "collapsed": true
  },
  "left-ribbon": {
    "hiddenItems": {
      "switcher:Open quick switcher": false,
      "graph:Open graph view": false,
      "canvas:Create new canvas": false,
      "daily-notes:Open today's daily note": false,
      "templates:Insert template": false,
      "command-palette:Open command palette": false
    }
  },
  "active": "1227d50f2b4dd8f0",
  "lastOpenFiles": [
    "Level - 0/0 -.md",
    "Install.md",
    "Level - 0"
  ]
}