{
  "main": {
    "id": "4968246e6e72e8a5",
    "type": "split",
    "children": [
      {
        "id": "c489a7b37a7b27e0",
        "type": "tabs",
        "children": [
          {
            "id": "2eba2e25eb087d9e",
            "type": "leaf",
            "state": {
              "type": "markdown",
              "state": {
                "file": "GL/5.1 Class Digram.md",
                "mode": "source",
                "source": false
              }
            }
          }
        ]
      }
    ],
    "direction": "vertical"
  },
  "left": {
    "id": "dbc5c79d0ea5358a",
    "type": "split",
    "children": [
      {
        "id": "40b24d9dd914ea6a",
        "type": "tabs",
        "children": [
          {
            "id": "5eeb054498a76423",
            "type": "leaf",
            "state": {
              "type": "file-explorer",
              "state": {
                "sortOrder": "alphabetical"
              }
            }
          },
          {
            "id": "777fd640d9027ee2",
            "type": "leaf",
            "state": {
              "type": "search",
              "state": {
                "query": "",
                "matchingCase": false,
                "explainSearch": false,
                "collapseAll": false,
                "extraContext": false,
                "sortOrder": "alphabetical"
              }
            }
          },
          {
            "id": "2057d7ffa3c76eb1",
            "type": "leaf",
            "state": {
              "type": "bookmarks",
              "state": {}
            }
          }
        ]
      }
    ],
    "direction": "horizontal",
    "width": 300
  },
  "right": {
    "id": "74687c287fb131a2",
    "type": "split",
    "children": [
      {
        "id": "6bcaa848c688d7c1",
        "type": "tabs",
        "children": [
          {
            "id": "55a0c35895ba8c6c",
            "type": "leaf",
            "state": {
              "type": "backlink",
              "state": {
                "file": "GL/5.1 Class Digram.md",
                "collapseAll": false,
                "extraContext": false,
                "sortOrder": "alphabetical",
                "showSearch": false,
                "searchQuery": "",
                "backlinkCollapsed": false,
                "unlinkedCollapsed": true
              }
            }
          },
          {
            "id": "47fc5da6ebb090fa",
            "type": "leaf",
            "state": {
              "type": "outgoing-link",
              "state": {
                "file": "GL/5.1 Class Digram.md",
                "linksCollapsed": false,
                "unlinkedCollapsed": true
              }
            }
          },
          {
            "id": "fc4713f600ceb6bf",
            "type": "leaf",
            "state": {
              "type": "tag",
              "state": {
                "sortOrder": "frequency",
                "useHierarchy": true
              }
            }
          },
          {
            "id": "95389b96d6a17803",
            "type": "leaf",
            "state": {
              "type": "outline",
              "state": {
                "file": "GL/5.1 Class Digram.md"
              }
            }
          }
        ]
      }
    ],
    "direction": "horizontal",
    "width": 300,
    "collapsed": true
  },
  "left-ribbon": {
    "hiddenItems": {
      "switcher:Open quick switcher": false,
      "graph:Open graph view": false,
      "canvas:Create new canvas": false,
      "daily-notes:Open today's daily note": false,
      "templates:Insert template": false,
      "command-palette:Open command palette": false
    }
  },
  "active": "2eba2e25eb087d9e",
  "lastOpenFiles": [
    "GL/5.2 Class Digram.md",
    "GL/5.3 Class Digram.md",
    "DSS/7.1.md",
    "DSS/6.1.md",
    "DSS/5.2 - types and declarations.md",
    "DSS/5.1 - XML Schema (XSD) Basics.md",
    "DSS/4 - NameSpace.md",
    "DSS/3 - Entities in DTDs.md",
    "DSS/3 -  DTD File.md",
    "DSS/2 - XML file.md",
    "DSS/1 - intro.md",
    "DAM/6.md",
    "Untitled.md",
    "Linear Programming/Chapters 1/1 -.md",
    "DAM/2 - Code Part 04.md",
    "DAM/2 - Code Part 02.md",
    "DAM/2 - Code Part 01.md",
    "DAM/1 - Introduction.md",
    "Compilation/Images/Pasted image 20240531183934.png",
    "Compilation/Images/Pasted image 20240603044339.png",
    "Compilation/Images/Pasted image 20240603231306.png",
    "Compilation/Library/0 - index.md",
    "Compilation/Library/0 - Rappel THL (Very Important).md",
    "Compilation/Library/9 - Lexeme and tokens.md",
    "Compilation/Library/8 - Code Optimization.md",
    "Compilation/Library/7 - Simple Operations in Assembly.md",
    "Compilation/Library/6 - Analyze Syntax and Tree Generation.md",
    "Compilation/Library/5 - User Knowledge vs. Compiler Control.md",
    "Compilation/Library/4 - Quadruplets vs. Triplets.md",
    "Startup/Picture/1.png",
    "SE2/Pasted image 20240526150023.png",
    "SE2/5.1 Class Digram.pdf",
    "SE2/Recording 20240526150248.webm",
    "SE2/Recording 20240526150128.webm",
    "SE2/Recording 20240526150050.webm",
    "SE2/Recording 20240526145554.webm",
    "DSS/Picture/2.png",
    "DSS/Picture/1.png",
    "IHM",
    "Untitled"
  ]
}