{
  "main": {
    "id": "0c22f9b3a3c123c9",
    "type": "split",
    "children": [
      {
        "id": "0558f130b6a72c63",
        "type": "tabs",
        "children": [
          {
            "id": "f2623cc2a0c60250",
            "type": "leaf",
            "state": {
              "type": "markdown",
              "state": {
                "file": "Chapter 3/5 - SQL Injections.md",
                "mode": "preview",
                "source": false
              },
              "icon": "lucide-file",
              "title": "5 - SQL Injections"
            }
          },
          {
            "id": "58c5114f9a0788c8",
            "type": "leaf",
            "state": {
              "type": "markdown",
              "state": {
                "file": "Chapter 1/1.1 - PDCA.md",
                "mode": "preview",
                "source": false
              },
              "icon": "lucide-file",
              "title": "1.1 - PDCA"
            }
          }
        ]
      }
    ],
    "direction": "vertical"
  },
  "left": {
    "id": "da243e10d51c8633",
    "type": "split",
    "children": [
      {
        "id": "dfbb0bf2937badba",
        "type": "tabs",
        "children": [
          {
            "id": "f46c367fb1cb7371",
            "type": "leaf",
            "state": {
              "type": "file-explorer",
              "state": {
                "sortOrder": "alphabetical",
                "autoReveal": false
              },
              "icon": "lucide-folder-closed",
              "title": "Files"
            }
          },
          {
            "id": "a4c86c7f10346ac8",
            "type": "leaf",
            "state": {
              "type": "search",
              "state": {
                "query": "tag:#DDoS",
                "matchingCase": false,
                "explainSearch": false,
                "collapseAll": false,
                "extraContext": false,
                "sortOrder": "alphabetical"
              },
              "icon": "lucide-search",
              "title": "Search"
            }
          },
          {
            "id": "745608bef4726763",
            "type": "leaf",
            "state": {
              "type": "bookmarks",
              "state": {},
              "icon": "lucide-bookmark",
              "title": "Bookmarks"
            }
          },
          {
            "id": "f7dffed64dd3073a",
            "type": "leaf",
            "state": {
              "type": "rag-test-view",
              "state": {},
              "icon": "lucide-file",
              "title": "Test Dashboard"
            }
          }
        ]
      }
    ],
    "direction": "horizontal",
    "width": 275.5004348754883
  },
  "right": {
    "id": "98630170dbbee4e1",
    "type": "split",
    "children": [
      {
        "id": "f31188ead1174008",
        "type": "tabs",
        "children": [
          {
            "id": "8d3d5dd32669ee09",
            "type": "leaf",
            "state": {
              "type": "backlink",
              "state": {
                "file": "New/4 - The Scope of IT Security.md",
                "collapseAll": false,
                "extraContext": false,
                "sortOrder": "alphabetical",
                "showSearch": false,
                "searchQuery": "",
                "backlinkCollapsed": false,
                "unlinkedCollapsed": true
              },
              "icon": "links-coming-in",
              "title": "Backlinks for 4 - The Scope of IT Security"
            }
          },
          {
            "id": "f86d1411ce793671",
            "type": "leaf",
            "state": {
              "type": "outgoing-link",
              "state": {
                "file": "New/4 - The Scope of IT Security.md",
                "linksCollapsed": false,
                "unlinkedCollapsed": true
              },
              "icon": "links-going-out",
              "title": "Outgoing links from 4 - The Scope of IT Security"
            }
          },
          {
            "id": "ecae946124a2bb63",
            "type": "leaf",
            "state": {
              "type": "tag",
              "state": {
                "sortOrder": "frequency",
                "useHierarchy": true,
                "showSearch": false,
                "searchQuery": ""
              },
              "icon": "lucide-tags",
              "title": "Tags"
            }
          },
          {
            "id": "33f32b0c0b079380",
            "type": "leaf",
            "state": {
              "type": "outline",
              "state": {
                "file": "New/4 - The Scope of IT Security.md",
                "followCursor": false,
                "showSearch": false,
                "searchQuery": ""
              },
              "icon": "lucide-list",
              "title": "Outline of 4 - The Scope of IT Security"
            }
          }
        ]
      }
    ],
    "direction": "horizontal",
    "width": 300,
    "collapsed": true
  },
  "left-ribbon": {
    "hiddenItems": {
      "quiz-generator:Open generator": false,
      "llm-test-gen:Test Dashboard": false,
      "switcher:Open quick switcher": true,
      "graph:Open graph view": false,
      "canvas:Create new canvas": false,
      "daily-notes:Open today's daily note": true,
      "templates:Insert template": true,
      "command-palette:Open command palette": true
    }
  },
  "active": "f2623cc2a0c60250",
  "lastOpenFiles": [
    "Chapter 3/5.1 - SQL Injections.md",
    "Picture/Screenshot From 2025-04-29 07-05-04.png",
    "Picture",
    "Chapter 3/5 - SQL Injections.md",
    "Picture/Pasted image 20250429073355.png",
    "Picture/Pasted image 20250429073348.png",
    "Chapter 3/4 - ARP Spoofing.md",
    "Quiz/Chapter 1/Q10.md",
    "Chapter 1/TD exercises.md",
    "Chapter 1/1.1 - PDCA.md",
    "Chapter 1/1 - Introduction.md",
    "Chapter 1/0 - Introduction.md",
    "Chapter 1/Overview/Intro.md",
    "Quiz/Chapter 2/Q22.md",
    "Quiz/Chapter 2/Q21.md",
    "Quiz/Chapter 2/Q20.md",
    "Quiz/Chapter 1/Q13.md",
    "Quiz/Chapter 2",
    "Quiz/Chapter 1/Untitled 2.md",
    "Quiz/Chapter 1/Q11.md",
    "Quiz/Chapter 1/Untitled 4.md",
    "Quiz/Chapter 1/Untitled 3.md",
    "Quiz/Chapter 1",
    "Quiz/Chapter 3/Q1.md",
    "Chapter 1/Overview",
    "Quiz/Chapter 3/Q5.md",
    "Chapter 3/2 - Attackss.md",
    "Quiz/Chapter 3/Q4.md",
    "Chapter 3/1 - Threats and Attacks.md",
    "Quiz/Chapter 3/Q9.md",
    "Quiz/Chapter 3",
    "Quiz/Chapter 3/Q3.md",
    "Quiz/Chapter 3/Q8.md",
    "Chapter 3/output.pdf",
    "Chapter 2/Crypto 1 -.canvas",
    "images/Pasted image 20250415201730.png",
    "images/image - 2.png",
    "images/image - 1.png",
    "images/Pasted image 20250415202245.png",
    "Chapter 3",
    "Chapter 2",
    "Chapter 1",
    "Chapter/Chapter 3",
    "img 1.png",
    "TDs/Autres Univs/Univ Msila/TD/Psudo-Code chiffrement.png",
    "TDs/Autres Univs/Univ Alger 1/Exercices faites en cours avec Mr Rahmani/1.jpg"
  ]
}